{"cameraMode":{"drawMode":0,"name":"Shaded","section":"Shading Mode"},"sceneLighting":true,"audioPlay":false,"sceneViewState":{"showFog":true,"showMaterialUpdate":false,"showSkybox":true,"showFlares":true,"showImageEffects":true,"showParticleSystems":true},"in2DMode":false,"pivot":{"x":0.541837215423584,"y":-4.447265625,"z":1.7447509765625},"rotation":{"x":0.6964071989059448,"y":0.004305774345993996,"z":-0.00417852820828557,"w":0.7176203727722168},"size":7.034891605377197,"orthographic":true}